{
  "title": "Your App Name",
  "description": "A simple and effective solution to meet your needs.",
  "features": [
    "User-friendly interface",
    "Fast performance",
    "Responsive design",
    "Seamless integration",
    "Robust security"
  ],
  "cta": {
    "label": "Get Started",
    "href": "/signup"
  },
  "branding": {
    "primary": "#4A90E2",
    "neutral": "#B0B0B0"
  },
  "sections": [
    {
      "title": "Hero",
      "content": "Welcome to Your App Name - Simplifying your life."
    },
    {
      "title": "Features",
      "content": "Discover the key features that make us stand out."
    },
    {
      "title": "How It Works",
      "content": "Learn how to get started with our easy-to-follow guide."
    },
    {
      "title": "Pricing",
      "content": "Choose a plan that fits your needs."
    }
  ],
  "generated_at": "2023-10-01T00:00:00Z"
}