{
  "title": "Your App Name",
  "description": "A simple and effective solution to meet your needs.",
  "features": [
    "Feature 1: Easy to use interface",
    "Feature 2: Fast performance",
    "Feature 3: Responsive design",
    "Feature 4: Secure data handling"
  ],
  "cta": {
    "label": "Get Started",
    "href": "/signup"
  },
  "branding": {
    "primary": "#1D4ED8",
    "neutral": "#F3F4F6"
  },
  "sections": [
    {
      "title": "Hero",
      "content": "Welcome to Your App Name - Simplifying your tasks."
    },
    {
      "title": "Features",
      "content": "Explore the key features that make us stand out."
    },
    {
      "title": "How It Works",
      "content": "Learn how to get started with our easy onboarding process."
    },
    {
      "title": "Pricing",
      "content": "Choose a plan that fits your needs."
    }
  ],
  "generated_at": "2023-10-01T00:00:00Z"
}